antecedents,consequents,antecedent support,consequent support,support,confidence,lift,representativity,leverage,conviction,zhangs_metric,jaccard,certainty,kulczynski,Toko
frozenset({'ayam bakar'}),frozenset({'ayam goreng'}),0.4450817930741449,0.4435946462715105,0.13448056086679414,0.30214797136038185,0.681135297506378,1.0,-0.0629553396938208,0.7973113652949284,-0.45758728440321816,0.17830985915492958,-0.25421515800178796,0.30265444545030584,Ayam Bakar Bam
frozenset({'ayam goreng'}),frozenset({'ayam bakar'}),0.4435946462715105,0.4450817930741449,0.13448056086679414,0.3031609195402299,0.681135297506378,1.0,-0.0629553396938208,0.7963362309698869,-0.45692308599462234,0.17830985915492958,-0.25575097692348314,0.30265444545030584,Ayam Bakar Bam
frozenset({'ikan bakar'}),frozenset({'ayam bakar'}),0.43764605906097304,0.4450817930741449,0.12831952411302316,0.29320388349514565,0.6587640475473272,1.0,-0.06646876858566783,0.7851177927659764,-0.4794696984495972,0.17009293156857225,-0.27369422679492705,0.29075468637764446,Ayam Bakar Bam
frozenset({'ayam bakar'}),frozenset({'ikan bakar'}),0.4450817930741449,0.43764605906097304,0.12831952411302316,0.2883054892601432,0.6587640475473272,1.0,-0.06646876858566783,0.7901619760343807,-0.4827926250360618,0.17009293156857225,-0.26556330262656064,0.29075468637764446,Ayam Bakar Bam
frozenset({'ayam bakar'}),frozenset({'ikan goreng'}),0.4450817930741449,0.41512640747822394,0.11875929466751646,0.26682577565632454,0.6427578945825586,1.0,-0.06600591112531957,0.7977279793835422,-0.500395035115183,0.16017191977077364,-0.25356014311139863,0.276452805944846,Ayam Bakar Bam
frozenset({'ikan goreng'}),frozenset({'ayam bakar'}),0.41512640747822394,0.4450817930741449,0.11875929466751646,0.2860798362333674,0.6427578945825586,1.0,-0.06600591112531957,0.7772832805255346,-0.4872540435218357,0.16017191977077364,-0.2865322399883383,0.276452805944846,Ayam Bakar Bam
frozenset({'ikan bakar'}),frozenset({'ayam goreng'}),0.43764605906097304,0.4435946462715105,0.12173358827278521,0.27815533980582524,0.6270484599933043,1.0,-0.07240386048848771,0.7708103757099449,-0.5140084590983369,0.1602797202797203,-0.29733593567544125,0.27629031358107353,Ayam Bakar Bam
frozenset({'ayam goreng'}),frozenset({'ikan bakar'}),0.4435946462715105,0.43764605906097304,0.12173358827278521,0.2744252873563218,0.6270484599933043,1.0,-0.07240386048848771,0.7750462235516095,-0.5166645409642185,0.1602797202797203,-0.2902456261480141,0.27629031358107353,Ayam Bakar Bam
frozenset({'ayam goreng'}),frozenset({'ikan goreng'}),0.4435946462715105,0.41512640747822394,0.11344805608667942,0.2557471264367816,0.6160704831821551,1.0,-0.07069979579658627,0.7858533212261702,-0.528308644973288,0.15222348916761685,-0.2725020980247254,0.26451634725114415,Ayam Bakar Bam
frozenset({'ikan goreng'}),frozenset({'ayam goreng'}),0.41512640747822394,0.4435946462715105,0.11344805608667942,0.27328556806550663,0.6160704831821551,1.0,-0.07069979579658627,0.7656451135108931,-0.515858964681892,0.15222348916761685,-0.3060881371193816,0.26451634725114415,Ayam Bakar Bam
frozenset({'ikan bakar'}),frozenset({'ikan goreng'}),0.43764605906097304,0.41512640747822394,0.12470788187805396,0.2849514563106796,0.6864209339070465,1.0,-0.05697055436693041,0.8179494912388722,-0.4482322568731758,0.17128683980157572,-0.22256937709612468,0.2926804364460256,Ayam Bakar Bam
frozenset({'ikan goreng'}),frozenset({'ikan bakar'}),0.41512640747822394,0.43764605906097304,0.12470788187805396,0.30040941658137155,0.6864209339070465,1.0,-0.05697055436693041,0.803832919235449,-0.43854234633502,0.17128683980157572,-0.2440396207599109,0.2926804364460256,Ayam Bakar Bam
frozenset({'es jeruk'}),frozenset({'ayam geprek'}),0.4258517034068136,0.4273547094188377,0.11923847695390781,0.27999999999999997,0.6551934349355216,1.0,-0.06275125401102806,0.7953406813627255,-0.47824390243902437,0.16245733788395902,-0.25732283464566935,0.27950762016412656,Ayam Geprek K
frozenset({'ayam geprek'}),frozenset({'es jeruk'}),0.4273547094188377,0.4258517034068136,0.11923847695390781,0.2790152403282532,0.6551934349355216,1.0,-0.06275125401102806,0.7963390195024194,-0.4788980070339976,0.16245733788395902,-0.2557465796726061,0.27950762016412656,Ayam Geprek K
frozenset({'es teh'}),frozenset({'ayam geprek'}),0.4316132264529058,0.4273547094188377,0.11823647294589178,0.2739408009286129,0.6410150511764494,1.0,-0.06621547202621676,0.7887033058923602,-0.49629523719041924,0.15962123774095366,-0.26790390319027885,0.2753056876858774,Ayam Geprek K
frozenset({'ayam geprek'}),frozenset({'es teh'}),0.4273547094188377,0.4316132264529058,0.11823647294589178,0.2766705744431418,0.6410150511764493,1.0,-0.06621547202621676,0.7857924114030329,-0.4944293100103739,0.15962123774095366,-0.27260073460686546,0.2753056876858774,Ayam Geprek K
frozenset({'nasi goreng'}),frozenset({'ayam geprek'}),0.44889779559118237,0.4273547094188377,0.12424849699398798,0.2767857142857143,0.6476720817283538,1.0,-0.06759008999963857,0.7918058338900023,-0.49675324675324684,0.16522318454363757,-0.2629358830146232,0.2837621420197622,Ayam Geprek K
frozenset({'ayam geprek'}),frozenset({'nasi goreng'}),0.4273547094188377,0.44889779559118237,0.12424849699398798,0.29073856975381007,0.6476720817283537,1.0,-0.06759008999963857,0.7770085625797049,-0.4871694672398073,0.16522318454363757,-0.2869871043376319,0.2837621420197622,Ayam Geprek K
frozenset({'es jeruk'}),frozenset({'es teh'}),0.4258517034068136,0.4316132264529058,0.12049098196392785,0.28294117647058825,0.6555433409579735,1.0,-0.06331224573395286,0.7926640812387696,-0.4778573458368854,0.16349422161794697,-0.26156845461851547,0.2810527124372674,Ayam Geprek K
frozenset({'es teh'}),frozenset({'es jeruk'}),0.4316132264529058,0.4258517034068136,0.12049098196392785,0.2791642484039466,0.6555433409579735,1.0,-0.06331224573395286,0.7965036352899034,-0.4803743399273545,0.16349422161794697,-0.2554870507728818,0.2810527124372674,Ayam Geprek K
frozenset({'es jeruk'}),frozenset({'nasi goreng'}),0.4258517034068136,0.44889779559118237,0.12775551102204408,0.3,0.6683035714285714,1.0,-0.06340837988602455,0.7872888634411681,-0.4636505460218408,0.17102615694164988,-0.2701818181818182,0.2922991071428571,Ayam Geprek K
frozenset({'nasi goreng'}),frozenset({'es jeruk'}),0.44889779559118237,0.4258517034068136,0.12775551102204408,0.28459821428571425,0.6683035714285713,1.0,-0.06340837988602455,0.8025536251910996,-0.4738520408163264,0.17102615694164988,-0.24602265644477692,0.2922991071428571,Ayam Geprek K
frozenset({'es teh'}),frozenset({'nasi goreng'}),0.4316132264529058,0.44889779559118237,0.12374749498997996,0.2867092280905398,0.6386960036481221,1.0,-0.07000273091272725,0.7726192825031675,-0.4988110643008977,0.16352201257861634,-0.29429852793752964,0.28118943547384134,Ayam Geprek K
frozenset({'nasi goreng'}),frozenset({'es teh'}),0.44889779559118237,0.4316132264529058,0.12374749498997996,0.27566964285714285,0.6386960036481221,1.0,-0.07000273091272725,0.7847065471466816,-0.5065311519237475,0.16352201257861634,-0.2743617389661902,0.28118943547384134,Ayam Geprek K
frozenset({'bakso tahu'}),frozenset({'bakso keju'}),0.36759622032726436,0.35538142429131137,0.07835906890988707,0.21316614420062696,0.5998235406527369,1.0,-0.052277799434118824,0.8192562774943095,-0.5133711317083856,0.12155881301394351,-0.22061927075919902,0.21682950530394512,Bakso Jihan
frozenset({'bakso keju'}),frozenset({'bakso tahu'}),0.35538142429131137,0.36759622032726436,0.07835906890988707,0.2204928664072633,0.5998235406527369,1.0,-0.052277799434118824,0.8112867123588672,-0.508590798931382,0.12155881301394351,-0.2326098588407014,0.21682950530394512,Bakso Jihan
frozenset({'bakso keju'}),frozenset({'bakso telur'}),0.35538142429131137,0.37543212721825303,0.08389029730352615,0.2360570687418936,0.6287609707004767,1.0,-0.049531306792013424,0.817558285084426,-0.4780619594695048,0.12967581047381546,-0.22315438329480572,0.22975351902410823,Bakso Jihan
frozenset({'bakso telur'}),frozenset({'bakso keju'}),0.37543212721825303,0.35538142429131137,0.08389029730352615,0.22344996930632288,0.6287609707004767,1.0,-0.049531306792013424,0.8301056599442322,-0.48595125906609943,0.12967581047381546,-0.2046659217661298,0.22975351902410823,Bakso Jihan
frozenset({'bakso keju'}),frozenset({'bakso urat'}),0.35538142429131137,0.351693938695552,0.0732887762157179,0.20622568093385213,0.5863782631533319,1.0,-0.051696716632528505,0.8167385184080546,-0.5225056046589533,0.11563636363636363,-0.22438207267259713,0.20730681163337428,Bakso Jihan
frozenset({'bakso urat'}),frozenset({'bakso keju'}),0.351693938695552,0.35538142429131137,0.0732887762157179,0.20838794233289643,0.5863782631533317,1.0,-0.051696716632528505,0.8143112140161084,-0.5210822861254594,0.11563636363636363,-0.2280317190624106,0.20730681163337428,Bakso Jihan
frozenset({'dampling'}),frozenset({'bakso keju'}),0.3477759852500576,0.35538142429131137,0.07928094030882692,0.22796554009277667,0.6414672363570415,1.0,-0.04431218466365265,0.8349608847591512,-0.46148374084928384,0.12707794606575545,-0.19766089436447695,0.22552622011123918,Bakso Jihan
frozenset({'bakso keju'}),frozenset({'dampling'}),0.35538142429131137,0.3477759852500576,0.07928094030882692,0.22308690012970167,0.6414672363570415,1.0,-0.04431218466365265,0.839507037349258,-0.4643999487873171,0.12707794606575545,-0.19117524393541496,0.22552622011123918,Bakso Jihan
frozenset({'bakso tahu'}),frozenset({'bakso telur'}),0.36759622032726436,0.37543212721825303,0.08711684719981562,0.23699059561128524,0.6312475103482914,1.0,-0.05089058375503887,0.8185585514271868,-0.4801741052299227,0.13281799016163034,-0.22165970687920045,0.23451739725315643,Bakso Jihan
frozenset({'bakso telur'}),frozenset({'bakso tahu'}),0.37543212721825303,0.36759622032726436,0.08711684719981562,0.23204419889502761,0.6312475103482914,1.0,-0.05089058375503887,0.8234898138184543,-0.4832869523372844,0.13281799016163034,-0.21434410386096037,0.23451739725315643,Bakso Jihan
frozenset({'bakso tahu'}),frozenset({'bakso urat'}),0.36759622032726436,0.351693938695552,0.078820004609357,0.21442006269592476,0.609678015752043,1.0,-0.050461357967136536,0.8252579152279286,-0.5030670168601203,0.12306585102554876,-0.21174239173920462,0.21926769845150104,Bakso Jihan
frozenset({'bakso urat'}),frozenset({'bakso tahu'}),0.351693938695552,0.36759622032726436,0.078820004609357,0.22411533420707733,0.609678015752043,1.0,-0.050461357967136536,0.8150744660309076,-0.4968583917601689,0.12306585102554876,-0.22688176562517912,0.21926769845150104,Bakso Jihan
frozenset({'dampling'}),frozenset({'bakso tahu'}),0.3477759852500576,0.36759622032726436,0.078820004609357,0.22664015904572565,0.6165464890905351,1.0,-0.04902113308915461,0.8177354785999641,-0.4881152034322397,0.12382331643736423,-0.22288934034278296,0.2205301108708252,Bakso Jihan
frozenset({'bakso tahu'}),frozenset({'dampling'}),0.36759622032726436,0.3477759852500576,0.078820004609357,0.21442006269592476,0.6165464890905352,1.0,-0.04902113308915461,0.8302452542108205,-0.4958280616644236,0.12382331643736423,-0.20446337383829766,0.2205301108708252,Bakso Jihan
frozenset({'bakso urat'}),frozenset({'bakso telur'}),0.351693938695552,0.37543212721825303,0.08527310440193593,0.24246395806028834,0.6458263437836655,1.0,-0.04676409913230102,0.8244728147620639,-0.4582596393776083,0.13285457809694792,-0.21289626788797372,0.23479858430945666,Bakso Jihan
frozenset({'bakso telur'}),frozenset({'bakso urat'}),0.37543212721825303,0.351693938695552,0.08527310440193593,0.22713321055862495,0.6458263437836655,1.0,-0.04676409913230102,0.8388328624820858,-0.46753373649318886,0.13285457809694792,-0.1921325984309017,0.23479858430945666,Bakso Jihan
frozenset({'dampling'}),frozenset({'bakso telur'}),0.3477759852500576,0.37543212721825303,0.07835906890988707,0.22531477799867464,0.600147834092234,1.0,-0.05220720902796584,0.806221488475326,-0.5053213175048493,0.12151536812008579,-0.24035394031872717,0.2170158911478947,Bakso Jihan
frozenset({'bakso telur'}),frozenset({'dampling'}),0.37543212721825303,0.3477759852500576,0.07835906890988707,0.20871700429711482,0.600147834092234,1.0,-0.05220720902796584,0.8242613809368938,-0.516147919892916,0.12151536812008579,-0.21320739164481226,0.2170158911478947,Bakso Jihan
frozenset({'dampling'}),frozenset({'bakso urat'}),0.3477759852500576,0.351693938695552,0.07467158331412768,0.21471172962226642,0.6105073360622634,1.0,-0.04763912272219127,0.8255644274332592,-0.4944807031355958,0.11951309479896718,-0.21129250094880414,0.21351575996185407,Bakso Jihan
frozenset({'bakso urat'}),frozenset({'dampling'}),0.351693938695552,0.3477759852500576,0.07467158331412768,0.21231979030144169,0.6105073360622635,1.0,-0.04763912272219127,0.828031486279877,-0.4959868606599533,0.11951309479896718,-0.20768354412793089,0.21351575996185407,Bakso Jihan
frozenset({'bakso urat'}),frozenset({'bakso telur'}),0.46125827814569537,0.4334437086092715,0.13410596026490065,0.2907394113424264,0.6707662507670954,1.0,-0.06582353844129643,0.7987984958575757,-0.476733382462248,0.17631693513278188,-0.2518801740186278,0.3000679486047503,Bakso Lia
frozenset({'bakso telur'}),frozenset({'bakso urat'}),0.4334437086092715,0.46125827814569537,0.13410596026490065,0.3093964858670741,0.6707662507670953,1.0,-0.06582353844129643,0.7801027808708904,-0.46419292781521887,0.17631693513278188,-0.2818823679664636,0.3000679486047503,Bakso Lia
frozenset({'es jeruk'}),frozenset({'bakso telur'}),0.41771523178807946,0.4334437086092715,0.1162251655629139,0.27824019024970276,0.6419292395371294,1.0,-0.06483087364589271,0.7849651417785876,-0.489263700882983,0.15814372606442892,-0.27394192019047203,0.27319190566725016,Bakso Lia
frozenset({'bakso telur'}),frozenset({'es jeruk'}),0.4334437086092715,0.41771523178807946,0.1162251655629139,0.26814362108479756,0.6419292395371293,1.0,-0.06483087364589271,0.7956270997801712,-0.49610792347491633,0.15814372606442892,-0.25687021002212757,0.27319190566725016,Bakso Lia
frozenset({'es teh'}),frozenset({'bakso telur'}),0.44006622516556293,0.4334437086092715,0.125,0.2840481565086531,0.6553288255585428,1.0,-0.06574393666944431,0.7913329598090154,-0.484352729300985,0.1669984516699845,-0.26369057121207923,0.28621811950719134,Bakso Lia
frozenset({'bakso telur'}),frozenset({'es teh'}),0.4334437086092715,0.44006622516556293,0.125,0.28838808250572956,0.6553288255585427,1.0,-0.06574393666944431,0.7868527227678778,-0.4814167008225924,0.1669984516699845,-0.2708858609300395,0.28621811950719134,Bakso Lia
frozenset({'es jeruk'}),frozenset({'bakso urat'}),0.41771523178807946,0.46125827814569537,0.12980132450331125,0.31074118113357113,0.6736815269371033,1.0,-0.06287328406648832,0.781624706290058,-0.454107525451164,0.1732596685082873,-0.27938637552342666,0.29607410815472524,Bakso Lia
frozenset({'bakso urat'}),frozenset({'es jeruk'}),0.46125827814569537,0.41771523178807946,0.12980132450331125,0.2814070351758794,0.6736815269371033,1.0,-0.06287328406648832,0.8103123697494559,-0.47343387437474904,0.1732596685082873,-0.23409198394588807,0.29607410815472524,Bakso Lia
frozenset({'es teh'}),frozenset({'bakso urat'}),0.44006622516556293,0.46125827814569537,0.1293046357615894,0.2938299473288187,0.6370182634120836,1.0,-0.07367955352835404,0.7629064979694948,-0.5043726274982222,0.1674887411537637,-0.31077661897170716,0.2870800849350482,Bakso Lia
frozenset({'bakso urat'}),frozenset({'es teh'}),0.46125827814569537,0.44006622516556293,0.1293046357615894,0.2803302225412778,0.6370182634120835,1.0,-0.07367955352835404,0.7780426417400208,-0.5140146275176783,0.1674887411537637,-0.2852765984182975,0.2870800849350482,Bakso Lia
frozenset({'es jeruk'}),frozenset({'es teh'}),0.41771523178807946,0.44006622516556293,0.11804635761589403,0.28260007927070946,0.6421762523683541,1.0,-0.06577600763124423,0.7805043723244668,-0.48899512658350375,0.15957923008057295,-0.2812228034313764,0.27542344068877833,Bakso Lia
frozenset({'es teh'}),frozenset({'es jeruk'}),0.44006622516556293,0.41771523178807946,0.11804635761589403,0.26824680210684726,0.6421762523683542,1.0,-0.06577600763124423,0.7957392873559305,-0.4987786272235594,0.15957923008057295,-0.2566930097454201,0.27542344068877833,Bakso Lia
frozenset({'donat coklat'}),frozenset({'donat keju'}),0.45266544117647056,0.44715073529411764,0.12837009803921567,0.28358714043993233,0.6342092678286667,1.0,-0.0740395868250793,0.7716908725582817,-0.5130913729976558,0.16640190627482127,-0.2958556794702471,0.28533587922990106,Donat Nini
frozenset({'donat keju'}),frozenset({'donat coklat'}),0.44715073529411764,0.45266544117647056,0.12837009803921567,0.2870846180198698,0.6342092678286667,1.0,-0.0740395868250793,0.7677412672781752,-0.5105864967247473,0.16640190627482127,-0.3025221420560565,0.28533587922990106,Donat Nini
frozenset({'donat strawberry'}),frozenset({'donat coklat'}),0.4117647058823529,0.45266544117647056,0.11994485294117647,0.2912946428571429,0.6435097897026832,1.0,-0.06644679930795845,0.772301991662807,-0.485003946329913,0.16111111111111115,-0.294830274679141,0.27813463107324154,Donat Nini
frozenset({'donat coklat'}),frozenset({'donat strawberry'}),0.45266544117647056,0.4117647058823529,0.11994485294117647,0.26497461928934013,0.6435097897026832,1.0,-0.06644679930795845,0.8002924926876828,-0.5030161077581037,0.16111111111111115,-0.24954314720812174,0.27813463107324154,Donat Nini
frozenset({'donat tiramisu'}),frozenset({'donat coklat'}),0.42784926470588236,0.45266544117647056,0.12760416666666666,0.2982456140350877,0.65886543770594,1.0,-0.06606840949845011,0.7799517463235295,-0.47504836549432006,0.16948118006103763,-0.28213059937837875,0.2900703535488467,Donat Nini
frozenset({'donat coklat'}),frozenset({'donat tiramisu'}),0.45266544117647056,0.42784926470588236,0.12760416666666666,0.28189509306260574,0.65886543770594,1.0,-0.06606840949845011,0.7967509061235238,-0.4861167512690355,0.16948118006103763,-0.2550974116431887,0.2900703535488467,Donat Nini
frozenset({'donat strawberry'}),frozenset({'donat keju'}),0.4117647058823529,0.44715073529411764,0.12147671568627451,0.295014880952381,0.6597660646992611,1.0,-0.06264417531718568,0.784199906875679,-0.467141513237468,0.16472787702534275,-0.275185053239916,0.2833416302672148,Donat Nini
frozenset({'donat keju'}),frozenset({'donat strawberry'}),0.44715073529411764,0.4117647058823529,0.12147671568627451,0.27166837958204865,0.659766064699261,1.0,-0.06264417531718568,0.8076476121963367,-0.48261151350310616,0.16472787702534275,-0.23816375471051726,0.2833416302672148,Donat Nini
frozenset({'donat tiramisu'}),frozenset({'donat keju'}),0.42784926470588236,0.44715073529411764,0.12653186274509803,0.2957393483709273,0.6613862508274798,1.0,-0.06478125056318484,0.7850066071802386,-0.4722472689128459,0.16905444126074495,-0.27387462838309407,0.2893564847370224,Donat Nini
frozenset({'donat keju'}),frozenset({'donat tiramisu'}),0.44715073529411764,0.42784926470588236,0.12653186274509803,0.2829736211031175,0.6613862508274798,1.0,-0.06478125056318484,0.7979493532362778,-0.4808074232022619,0.16905444126074495,-0.2532123698631456,0.2893564847370224,Donat Nini
frozenset({'donat tiramisu'}),frozenset({'donat strawberry'}),0.42784926470588236,0.4117647058823529,0.11550245098039216,0.2699606158252775,0.6556186384328168,1.0,-0.060670775663206444,0.8057583013587976,-0.478643795187481,0.15950920245398773,-0.24106695309702825,0.27523328410311493,Donat Nini
frozenset({'donat strawberry'}),frozenset({'donat tiramisu'}),0.4117647058823529,0.42784926470588236,0.11550245098039216,0.2805059523809524,0.6556186384328168,1.0,-0.060670775663206444,0.7952126041730031,-0.4717298395572058,0.15950920245398773,-0.2575253394530503,0.27523328410311493,Donat Nini
frozenset({'donat matcha'}),frozenset({'donat coklat'}),0.4433324993745309,0.4293219914936202,0.12359269452089067,0.27878103837471785,0.6493518708529996,1.0,-0.06673969700442708,0.7912687254094718,-0.4923995005042986,0.16499665998663998,-0.26379315634206607,0.2833299131267529,Donat Sp. Asam
frozenset({'donat coklat'}),frozenset({'donat matcha'}),0.4293219914936202,0.4433324993745309,0.12359269452089067,0.2878787878787879,0.6493518708529996,1.0,-0.06673969700442708,0.7817032987506587,-0.4861881728078912,0.16499665998663998,-0.279257745999319,0.2833299131267529,Donat Sp. Asam
frozenset({'donat strawberry'}),frozenset({'donat coklat'}),0.42256692519389544,0.4293219914936202,0.12034025519139355,0.2847838957963292,0.6633340509894684,1.0,-0.06107701867218529,0.7979098976550294,-0.4677884765198966,0.16450068399452805,-0.2532743395449681,0.28254346304967976,Donat Sp. Asam
frozenset({'donat coklat'}),frozenset({'donat strawberry'}),0.4293219914936202,0.42256692519389544,0.12034025519139355,0.28030303030303033,0.6633340509894684,1.0,-0.06107701867218529,0.8023280618358505,-0.47071919526389727,0.16450068399452805,-0.2463729583530277,0.28254346304967976,Donat Sp. Asam
frozenset({'donat tiramisu'}),frozenset({'donat coklat'}),0.43482611958969225,0.4293219914936202,0.11883912934701026,0.27330264672036825,0.6365913047443542,1.0,-0.06784128626867948,0.7853035461473383,-0.502505496421183,0.15944947969117154,-0.2733929509244577,0.2750545867634475,Donat Sp. Asam
frozenset({'donat coklat'}),frozenset({'donat tiramisu'}),0.4293219914936202,0.43482611958969225,0.11883912934701026,0.2768065268065268,0.6365913047443542,1.0,-0.06784128626867948,0.7814974849186849,-0.5000825909376978,0.15944947969117154,-0.2795946491165615,0.2750545867634475,Donat Sp. Asam
frozenset({'donat matcha'}),frozenset({'donat strawberry'}),0.4433324993745309,0.42256692519389544,0.11683762822116588,0.26354401805869077,0.6236740320785003,1.0,-0.07050002287805422,0.7840700448708178,-0.5201428476427276,0.15597862391449563,-0.2753962564208896,0.2700194927475218,Donat Sp. Asam
frozenset({'donat strawberry'}),frozenset({'donat matcha'}),0.42256692519389544,0.4433324993745309,0.11683762822116588,0.2764949674363529,0.6236740320785003,1.0,-0.07050002287805422,0.7694037713227637,-0.5109958736834465,0.15597862391449563,-0.2997076922053472,0.2700194927475218,Donat Sp. Asam
frozenset({'donat tiramisu'}),frozenset({'donat matcha'}),0.43482611958969225,0.4433324993745309,0.13460095071303477,0.3095512082853855,0.6982371216234119,1.0,-0.05817159967799218,0.8062400967392211,-0.4333256243786988,0.18102288021534318,-0.24032531257677037,0.3065814732171849,Donat Sp. Asam
frozenset({'donat matcha'}),frozenset({'donat tiramisu'}),0.4433324993745309,0.43482611958969225,0.13460095071303477,0.3036117381489842,0.6982371216234119,1.0,-0.05817159967799218,0.8115787002326299,-0.4370532355154252,0.18102288021534318,-0.23216639336808773,0.3065814732171849,Donat Sp. Asam
frozenset({'donat tiramisu'}),frozenset({'donat strawberry'}),0.43482611958969225,0.42256692519389544,0.11583687765824369,0.2663981588032221,0.6304283248883829,1.0,-0.06790625869076564,0.7871205364807918,-0.5091407498071137,0.15620782726045884,-0.27045344855438536,0.2702624304969337,Donat Sp. Asam
frozenset({'donat strawberry'}),frozenset({'donat tiramisu'}),0.42256692519389544,0.43482611958969225,0.11583687765824369,0.27412670219064533,0.6304283248883829,1.0,-0.06790625869076564,0.7786123034363863,-0.5037769187011691,0.15620782726045884,-0.2843362422948165,0.2702624304969337,Donat Sp. Asam
frozenset({'es campur'}),frozenset({'es cappucino'}),0.3669040352661919,0.35130552729738895,0.08341810783316378,0.22735674676524953,0.6471766855315838,1.0,-0.045477307743565565,0.8395782529476378,-0.4626898149231381,0.1314102564102564,-0.19107420480359602,0.23240424210849348,Es Eka
frozenset({'es cappucino'}),frozenset({'es campur'}),0.35130552729738895,0.3669040352661919,0.08341810783316378,0.23745173745173742,0.6471766855315838,1.0,-0.045477307743565565,0.8302372398281331,-0.45664452901295005,0.1314102564102564,-0.20447500067210833,0.23240424210849348,Es Eka
frozenset({'es campur'}),frozenset({'es dogan'}),0.3669040352661919,0.34248897931502204,0.07460155985079688,0.2033271719038817,0.593675079153017,1.0,-0.05105902869408403,0.8253212579827681,-0.519478696272725,0.1175213675213675,-0.21164939146748474,0.21057447704104976,Es Eka
frozenset({'es dogan'}),frozenset({'es campur'}),0.34248897931502204,0.3669040352661919,0.07460155985079688,0.21782178217821782,0.593675079153017,1.0,-0.05105902869408403,0.8094011701027167,-0.5100273368404125,0.1175213675213675,-0.23548128781812297,0.21057447704104976,Es Eka
frozenset({'es campur'}),frozenset({'es jeruk'}),0.3669040352661919,0.3584265852831468,0.08002712783994574,0.21811460258780035,0.6085335506446767,1.0,-0.05148103264712271,0.820546613148505,-0.5039951729215308,0.12401471361008932,-0.21869980812292633,0.2206940089570979,Es Eka
frozenset({'es jeruk'}),frozenset({'es campur'}),0.3584265852831468,0.3669040352661919,0.08002712783994574,0.22327341532639547,0.6085335506446767,1.0,-0.05148103264712271,0.8150821373004082,-0.5006698560312765,0.12401471361008932,-0.2268702186408461,0.2206940089570979,Es Eka
frozenset({'es campur'}),frozenset({'es teh'}),0.3669040352661919,0.3584265852831468,0.08206171583587657,0.22365988909426987,0.6240047426102194,1.0,-0.049446444651191884,0.8264076603852799,-0.48764047492147017,0.12756984712704272,-0.21005654707240912,0.2263048735916004,Es Eka
frozenset({'es teh'}),frozenset({'es campur'}),0.3584265852831468,0.3669040352661919,0.08206171583587657,0.22894985808893095,0.6240047426102194,1.0,-0.049446444651191884,0.8210827419921904,-0.4843177005901699,0.12756984712704272,-0.2179040538273929,0.2263048735916004,Es Eka
frozenset({'es cappucino'}),frozenset({'es jeruk'}),0.35130552729738895,0.3584265852831468,0.08002712783994574,0.2277992277992278,0.6355533801134559,1.0,-0.04589011270035269,0.830837572058325,-0.46920837663834003,0.12708669897684435,-0.20360469197678496,0.22553632156281161,Es Eka
frozenset({'es jeruk'}),frozenset({'es cappucino'}),0.3584265852831468,0.35130552729738895,0.08002712783994574,0.22327341532639547,0.6355533801134559,1.0,-0.04589011270035269,0.835164503832716,-0.4719583727530747,0.12708669897684435,-0.19736889608074218,0.22553632156281161,Es Eka
frozenset({'es cappucino'}),frozenset({'es teh'}),0.35130552729738895,0.3584265852831468,0.08036622583926754,0.22876447876447875,0.6382464029105467,1.0,-0.04555101470103089,0.8318774188318647,-0.4663092099067708,0.12769396551724135,-0.20210018611181396,0.22649198394231507,Es Eka
frozenset({'es teh'}),frozenset({'es cappucino'}),0.3584265852831468,0.35130552729738895,0.08036622583926754,0.22421948912015138,0.6382464029105467,1.0,-0.04555101470103089,0.836182997130073,-0.469057229768052,0.12769396551724135,-0.19591046867991302,0.22649198394231507,Es Eka
frozenset({'es dogan'}),frozenset({'es jeruk'}),0.34248897931502204,0.3584265852831468,0.08240081383519837,0.24059405940594059,0.6712505971505381,1.0,-0.04035634151779527,0.8448359176845134,-0.4268895808499768,0.13322368421052633,-0.18366179641219932,0.23524499564431373,Es Eka
frozenset({'es jeruk'}),frozenset({'es dogan'}),0.3584265852831468,0.34248897931502204,0.08240081383519837,0.22989593188268687,0.6712505971505383,1.0,-0.04035634151779527,0.8537950231744738,-0.43290338576004744,0.13322368421052633,-0.17124130834345355,0.23524499564431373,Es Eka
frozenset({'es dogan'}),frozenset({'es teh'}),0.34248897931502204,0.3584265852831468,0.07392336385215327,0.21584158415841584,0.6021918937399889,1.0,-0.04883379150084037,0.8181681172525527,-0.5011718335123141,0.11790156841535965,-0.22224268938521752,0.21104283559860243,Es Eka
frozenset({'es teh'}),frozenset({'es dogan'}),0.3584265852831468,0.34248897931502204,0.07392336385215327,0.20624408703878905,0.602191893739989,1.0,-0.04883379150084037,0.8283541702789293,-0.5073057920740038,0.11790156841535965,-0.20721309299773652,0.21104283559860243,Es Eka
frozenset({'es jeruk'}),frozenset({'es teh'}),0.3584265852831468,0.3584265852831468,0.07290606985418786,0.2034058656575213,0.5674965920757147,1.0,-0.05556354718354904,0.8053956049355272,-0.5429407389263297,0.11321748288572936,-0.24162584681605154,0.2034058656575213,Es Eka
frozenset({'es teh'}),frozenset({'es jeruk'}),0.3584265852831468,0.3584265852831468,0.07290606985418786,0.2034058656575213,0.5674965920757147,1.0,-0.05556354718354904,0.8053956049355272,-0.5429407389263297,0.11321748288572936,-0.24162584681605154,0.2034058656575213,Es Eka
frozenset({'es teh'}),frozenset({'es jeruk'}),0.3092091462135515,0.3571078945528285,0.06642892105447172,0.21483491632745366,0.6015966591734707,1.0,-0.043992106126327354,0.818798643515954,-0.48945053201854355,0.11073551696001865,-0.22130148592572174,0.20042705283770373,Kedai Mak Utik
frozenset({'ikan bakar'}),frozenset({'es jeruk'}),0.3660583176001678,0.3571078945528285,0.08370044052863436,0.2286532951289398,0.6402919078987601,1.0,-0.04702187455311217,0.8334671055017193,-0.46982844663965,0.13089119737561508,-0.199807398995109,0.2315187368536808,Kedai Mak Utik
frozenset({'es jeruk'}),frozenset({'ikan bakar'}),0.3571078945528285,0.3660583176001678,0.08370044052863436,0.23438417857842175,0.6402919078987601,1.0,-0.04702187455311217,0.8280153892623895,-0.4663377568474468,0.13089119737561508,-0.2077070220769899,0.2315187368536808,Kedai Mak Utik
frozenset({'pecel ayam'}),frozenset({'es jeruk'}),0.3638906370183903,0.3571078945528285,0.07859590238444863,0.21598770176787085,0.604824774423795,1.0,-0.05135231684867628,0.8200025776340882,-0.5066934162735824,0.12234679438336779,-0.21950836165082438,0.21803888710872493,Kedai Mak Utik
frozenset({'es jeruk'}),frozenset({'pecel ayam'}),0.3571078945528285,0.3638906370183903,0.07859590238444863,0.22009007244957898,0.604824774423795,1.0,-0.05135231684867628,0.8156190099791817,-0.504042125955532,0.12234679438336779,-0.2260626441572574,0.21803888710872493,Kedai Mak Utik
frozenset({'pecel lele'}),frozenset({'es jeruk'}),0.3880847493182295,0.3571078945528285,0.08733654989161597,0.22504504504504505,0.6301878185214782,1.0,-0.05125157784547919,0.8295864183287146,-0.48953623919409295,0.1327593537414966,-0.20541992721457594,0.2348056633096774,Kedai Mak Utik
frozenset({'es jeruk'}),frozenset({'pecel lele'}),0.3571078945528285,0.3880847493182295,0.08733654989161597,0.24456628157430976,0.6301878185214782,1.0,-0.05125157784547919,0.8100184513301715,-0.47720474475838076,0.1327593537414966,-0.23453977913447566,0.2348056633096774,Kedai Mak Utik
frozenset({'es teh'}),frozenset({'ikan bakar'}),0.3092091462135515,0.3660583176001678,0.0653101181735543,0.21121664405246496,0.5770027175920346,1.0,-0.04787846167596267,0.8036955618039157,-0.5148548647769586,0.10707325461423822,-0.24425223620181985,0.19481558086099848,Kedai Mak Utik
frozenset({'pecel ayam'}),frozenset({'es teh'}),0.3638906370183903,0.3092091462135515,0.0754492692818684,0.20734050730207534,0.6705510164918542,1.0,-0.03706904390569345,0.8714849946920431,-0.43578325009662605,0.12624312624312625,-0.14746668742514632,0.22567387192331267,Kedai Mak Utik
frozenset({'es teh'}),frozenset({'pecel ayam'}),0.3092091462135515,0.3638906370183903,0.0754492692818684,0.24400723654454998,0.6705510164918542,1.0,-0.03706904390569345,0.8414225555203944,-0.4156248509518523,0.12624312624312625,-0.1884635055706706,0.22567387192331267,Kedai Mak Utik
frozenset({'es teh'}),frozenset({'pecel lele'}),0.3092091462135515,0.3880847493182295,0.06992518005733865,0.2261420171867933,0.5827129707726723,1.0,-0.050074173937851255,0.7907332666612474,-0.5089984642223448,0.11145786892554614,-0.2646489558006707,0.20316109868348675,Kedai Mak Utik
frozenset({'ikan bakar'}),frozenset({'pecel ayam'}),0.3660583176001678,0.3638906370183903,0.0776169498636459,0.21203438395415472,0.582687110862484,1.0,-0.055588244513759405,0.8072806097475701,-0.5304582987473456,0.11898381391360273,-0.23872664340679708,0.21266592372188903,Kedai Mak Utik
frozenset({'pecel ayam'}),frozenset({'ikan bakar'}),0.3638906370183903,0.3660583176001678,0.0776169498636459,0.21329746348962336,0.582687110862484,1.0,-0.055588244513759405,0.8058213276034994,-0.5296079938508839,0.11898381391360273,-0.24096988469389988,0.21266592372188903,Kedai Mak Utik
frozenset({'ikan bakar'}),frozenset({'pecel lele'}),0.3660583176001678,0.3880847493182295,0.09446891825746451,0.2580706781279847,0.6649853635870827,1.0,-0.047592732164249474,0.8247621877752492,-0.4428033417698717,0.1432054271782913,-0.21247071558584066,0.25074705077570403,Kedai Mak Utik
frozenset({'pecel lele'}),frozenset({'ikan bakar'}),0.3880847493182295,0.3660583176001678,0.09446891825746451,0.2434234234234234,0.6649853635870827,1.0,-0.047592732164249474,0.8379081536839886,-0.4515452166893981,0.1432054271782913,-0.1934482265190406,0.25074705077570403,Kedai Mak Utik
frozenset({'pecel lele'}),frozenset({'pecel ayam'}),0.3880847493182295,0.3638906370183903,0.08551849521012517,0.22036036036036036,0.6055675467935269,1.0,-0.05570191143640768,0.8159017713306987,-0.5156057489290345,0.12831811981953622,-0.22563773623023922,0.22768594497649072,Kedai Mak Utik
frozenset({'pecel ayam'}),frozenset({'pecel lele'}),0.3638906370183903,0.3880847493182295,0.08551849521012517,0.2350115295926211,0.6055675467935269,1.0,-0.05570191143640768,0.7999012721798375,-0.5059163659107756,0.12831811981953622,-0.2501542812588191,0.22768594497649072,Kedai Mak Utik
frozenset({'keripik pisang'}),frozenset({'keripik bayam'}),0.4384476998200977,0.4448727833461835,0.12541763042919557,0.2860492379835873,0.6429910947395368,1.0,-0.06963581814150324,0.7775427188927839,-0.4971700844777649,0.16547982366904032,-0.2861029699101213,0.28398360223847186,Keripik M. War
frozenset({'keripik bayam'}),frozenset({'keripik pisang'}),0.4448727833461835,0.4384476998200977,0.12541763042919557,0.28191796649335643,0.6429910947395369,1.0,-0.06963581814150324,0.7820169200413604,-0.5000469559723728,0.16547982366904032,-0.27874471046881016,0.28398360223847186,Keripik M. War
frozenset({'keripik bayam'}),frozenset({'keripik singkong'}),0.4448727833461835,0.4204574659470573,0.11770753019789257,0.2645869439630271,0.6292834956969062,1.0,-0.06934255295665798,0.788050374269948,-0.5148490670966565,0.15744242007562734,-0.26895441287798727,0.2722690221037629,Keripik M. War
frozenset({'keripik singkong'}),frozenset({'keripik bayam'}),0.4204574659470573,0.4448727833461835,0.11770753019789257,0.27995110024449876,0.6292834956969062,1.0,-0.06934255295665798,0.7709576625175244,-0.5040929056941518,0.15744242007562734,-0.29708808747622933,0.2722690221037629,Keripik M. War
frozenset({'peyek'}),frozenset({'keripik bayam'}),0.43150860961192494,0.4448727833461835,0.12233359033667437,0.28350208457415127,0.6372655176649465,1.0,-0.06963284585922438,0.7747785509241545,-0.5003134573083484,0.16223585548738922,-0.2906913837601748,0.27924382102768797,Keripik M. War
frozenset({'keripik bayam'}),frozenset({'peyek'}),0.4448727833461835,0.43150860961192494,0.12233359033667437,0.2749855574812247,0.6372655176649467,1.0,-0.06963284585922438,0.7841104356667394,-0.5062603456696214,0.16223585548738922,-0.27533055869826156,0.27924382102768797,Keripik M. War
frozenset({'keripik pisang'}),frozenset({'keripik singkong'}),0.4384476998200977,0.4204574659470573,0.12310460035980468,0.28077373974208675,0.667781553384144,1.0,-0.06124400845686963,0.8057861149912962,-0.4697574577904411,0.1673070206077541,-0.24102411470666976,0.28678051290282824,Keripik M. War
frozenset({'keripik singkong'}),frozenset({'keripik pisang'}),0.4204574659470573,0.4384476998200977,0.12310460035980468,0.2927872860635697,0.6677815533841439,1.0,-0.06124400845686963,0.7940359231584444,-0.4619108964357378,0.1673070206077541,-0.25938886495498875,0.28678051290282824,Keripik M. War
frozenset({'keripik pisang'}),frozenset({'peyek'}),0.4384476998200977,0.43150860961192494,0.13107170393215112,0.29894490035169985,0.6927901174916403,1.0,-0.05812225340476587,0.8109082876271371,-0.44123643518523165,0.1773913043478261,-0.23318507808839775,0.3013485669120024,Keripik M. War
frozenset({'peyek'}),frozenset({'keripik pisang'}),0.43150860961192494,0.4384476998200977,0.13107170393215112,0.30375223347230496,0.6927901174916404,1.0,-0.05812225340476587,0.8065408999162156,-0.4382107521398507,0.1773913043478261,-0.2398627274870762,0.3013485669120024,Keripik M. War
frozenset({'peyek'}),frozenset({'keripik singkong'}),0.43150860961192494,0.4204574659470573,0.1156515034695451,0.26801667659321027,0.6374406409683259,1.0,-0.06577951306222286,0.7917428109641098,-0.5001240399458844,0.15706806282722516,-0.2630364130269706,0.2715389006437934,Keripik M. War
frozenset({'keripik singkong'}),frozenset({'peyek'}),0.4204574659470573,0.43150860961192494,0.1156515034695451,0.27506112469437655,0.6374406409683259,1.0,-0.06577951306222286,0.7841921708894527,-0.4953109550969738,0.15706806282722516,-0.27519763282738735,0.2715389006437934,Keripik M. War
frozenset({'keripik pisang'}),frozenset({'keripik bayam'}),0.4105593501938342,0.4184973232416467,0.11205464279121286,0.272931654676259,0.6521706102255381,1.0,-0.0597633462967366,0.7997909419360407,-0.47501760639681023,0.1562821833161689,-0.2503267386091127,0.27034319831298614,Keripik M.F
frozenset({'keripik bayam'}),frozenset({'keripik pisang'}),0.4184973232416467,0.4105593501938342,0.11205464279121286,0.26775474194971327,0.6521706102255381,1.0,-0.0597633462967366,0.804977080187095,-0.4783998533447144,0.1562821833161689,-0.24227139456887042,0.27034319831298614,Keripik M.F
frozenset({'kerupuk'}),frozenset({'keripik bayam'}),0.4535720878715156,0.4184973232416467,0.12054642791212848,0.26577126577126575,0.6350608498821996,1.0,-0.06927227675922575,0.7919911733898415,-0.5125880132075918,0.16040284942274624,-0.2626403343863662,0.27690857068889707,Keripik M.F
frozenset({'keripik bayam'}),frozenset({'kerupuk'}),0.4184973232416467,0.4535720878715156,0.12054642791212848,0.28804587560652845,0.6350608498821997,1.0,-0.06927227675922575,0.7675043846315206,-0.4970374123278467,0.16040284942274624,-0.3029241526484579,0.27690857068889707,Keripik M.F
frozenset({'peyek'}),frozenset({'keripik bayam'}),0.4592948126269153,0.4184973232416467,0.12257707218017352,0.26688102893890675,0.6377126306846307,1.0,-0.0696365774829642,0.7931900547010872,-0.5123552503043933,0.1623075042776827,-0.26073189404379116,0.2798895660795107,Keripik M.F
frozenset({'keripik bayam'}),frozenset({'peyek'}),0.4184973232416467,0.4592948126269153,0.12257707218017352,0.29289810322011467,0.6377126306846307,1.0,-0.0696365774829642,0.7646778913130274,-0.49417268358368377,0.1623075042776827,-0.3077401757789823,0.2798895660795107,Keripik M.F
frozenset({'keripik pisang'}),frozenset({'kerupuk'}),0.4105593501938342,0.4535720878715156,0.12017721986339303,0.2927158273381295,0.645356791489885,1.0,-0.06604104179919709,0.7725719495065158,-0.4824797139032959,0.16153846153846155,-0.2943778254423488,0.27883654614769726,Keripik M.F
frozenset({'kerupuk'}),frozenset({'keripik pisang'}),0.4535720878715156,0.4105593501938342,0.12017721986339303,0.26495726495726496,0.645356791489885,1.0,-0.06604104179919709,0.8019134421781556,-0.5014154454713895,0.16153846153846155,-0.2470173804342298,0.27883654614769726,Keripik M.F
frozenset({'keripik pisang'}),frozenset({'peyek'}),0.4105593501938342,0.4592948126269153,0.12516152852132176,0.30485611510791366,0.6637482216798908,1.0,-0.06340625129818342,0.7778320418614103,-0.46220686434277997,0.16807139315815567,-0.28562459011964214,0.28868207684656133,Keripik M.F
frozenset({'peyek'}),frozenset({'keripik pisang'}),0.4592948126269153,0.4105593501938342,0.12516152852132176,0.27250803858520894,0.6637482216798907,1.0,-0.06340625129818342,0.8102366501202986,-0.4837153654488504,0.16807139315815567,-0.23420731443279774,0.28868207684656133,Keripik M.F
frozenset({'kerupuk'}),frozenset({'peyek'}),0.4535720878715156,0.4592948126269153,0.1414066826656821,0.31176231176231173,0.6787847438972839,1.0,-0.06691662444606442,0.7856372828951325,-0.4641019495839474,0.1832974395788466,-0.27285201679192816,0.30982006263356743,Keripik M.F
frozenset({'peyek'}),frozenset({'kerupuk'}),0.4592948126269153,0.4535720878715156,0.1414066826656821,0.30787781350482313,0.678784743897284,1.0,-0.06691662444606442,0.7894963097419682,-0.4667213981338695,0.1832974395788466,-0.2666303662987747,0.30982006263356743,Keripik M.F
frozenset({'basreng'}),frozenset({'keripik bayam'}),0.44804575786463297,0.45109628217349856,0.13269780743565301,0.2961702127659575,0.6565565367529362,1.0,-0.06941396818069048,0.779881340321813,-0.48657918206140904,0.17313432835820897,-0.2822463473576078,0.2951687919282028,Keripik Nurul
frozenset({'keripik bayam'}),frozenset({'basreng'}),0.45109628217349856,0.44804575786463297,0.13269780743565301,0.29416737109044805,0.6565565367529362,1.0,-0.06941396818069048,0.7819902616121427,-0.4879638081200727,0.17313432835820897,-0.27878830349934364,0.2951687919282028,Keripik Nurul
frozenset({'basreng'}),frozenset({'keripik pisang'}),0.44804575786463297,0.4427073403241182,0.1321258341277407,0.2948936170212766,0.6661141349167079,1.0,-0.0662273116800148,0.7903667774522162,-0.4759257082402726,0.17416436290525258,-0.2652353673360945,0.2966716147121887,Keripik Nurul
frozenset({'keripik pisang'}),frozenset({'basreng'}),0.4427073403241182,0.44804575786463297,0.1321258341277407,0.2984496124031008,0.666114134916708,1.0,-0.0662273116800148,0.7867635053642249,-0.4735255177705107,0.17416436290525258,-0.2710299768379054,0.2966716147121887,Keripik Nurul
frozenset({'basreng'}),frozenset({'keripik singkong'}),0.44804575786463297,0.40838894184938035,0.11839847473784557,0.2642553191489362,0.6470677632755231,1.0,-0.06457845821659558,0.8040983150109637,-0.49702883041671914,0.16042366313614054,-0.24362902064577172,0.2770856427677454,Keripik Nurul
frozenset({'keripik singkong'}),frozenset({'basreng'}),0.40838894184938035,0.44804575786463297,0.11839847473784557,0.28991596638655465,0.6470677632755231,1.0,-0.06457845821659558,0.777308340995369,-0.47969390185223887,0.16042366313614054,-0.2864907621079519,0.2770856427677454,Keripik Nurul
frozenset({'keripik pisang'}),frozenset({'keripik bayam'}),0.4427073403241182,0.45109628217349856,0.1317445185891325,0.297588285960379,0.6597001520972899,1.0,-0.06795911672199498,0.7814558140975699,-0.4806862329180968,0.17287965974480862,-0.2796628829933352,0.29482119285339325,Keripik Nurul
frozenset({'keripik bayam'}),frozenset({'keripik pisang'}),0.45109628217349856,0.4427073403241182,0.1317445185891325,0.29205409974640745,0.6597001520972899,1.0,-0.06795911672199498,0.7871966762944097,-0.4844734805825217,0.17287965974480862,-0.27033056682521134,0.29482119285339325,Keripik Nurul
frozenset({'keripik bayam'}),frozenset({'keripik singkong'}),0.45109628217349856,0.40838894184938035,0.11897044804575786,0.26373626373626374,0.6457967802505618,1.0,-0.06525228530326672,0.8035314371896475,-0.49980454328280416,0.16065911431513902,-0.24450637985926413,0.277526395173454,Keripik Nurul
frozenset({'keripik singkong'}),frozenset({'keripik bayam'}),0.40838894184938035,0.45109628217349856,0.11897044804575786,0.2913165266106443,0.6457967802505619,1.0,-0.06525228530326672,0.7745400287117038,-0.4810819850328191,0.16065911431513902,-0.2910888565221155,0.277526395173454,Keripik Nurul
frozenset({'keripik pisang'}),frozenset({'keripik singkong'}),0.4427073403241182,0.40838894184938035,0.11630123927550047,0.26270456503014644,0.6432705152115398,1.0,-0.06449554298841965,0.8024070543374644,-0.49876929270031445,0.1582771146860405,-0.24625025988297836,0.27374257196418617,Keripik Nurul
frozenset({'keripik singkong'}),frozenset({'keripik pisang'}),0.40838894184938035,0.4427073403241182,0.11630123927550047,0.28478057889822594,0.6432705152115397,1.0,-0.06449554298841965,0.7791911729933021,-0.4838352007469653,0.1582771146860405,-0.28338209499788053,0.27374257196418617,Keripik Nurul
frozenset({'keripik bayam'}),frozenset({'keripik kentang'}),0.46106696935300795,0.38933030646992056,0.11645856980703746,0.25258493353028066,0.6487677155690299,1.0,-0.06304877467432658,0.8170422579443949,-0.5011342494168998,0.1586761521806372,-0.22392690252755157,0.2758551489808838,Keripik U. Sasna
frozenset({'keripik kentang'}),frozenset({'keripik bayam'}),0.38933030646992056,0.46106696935300795,0.11645856980703746,0.2991253644314869,0.6487677155690299,1.0,-0.06304877467432658,0.7689435503823555,-0.4699293607900528,0.1586761521806372,-0.3004855811623,0.2758551489808838,Keripik U. Sasna
frozenset({'keripik pisang'}),frozenset({'keripik bayam'}),0.488422247446084,0.46106696935300795,0.1518728717366629,0.31094585173135025,0.674404961534514,1.0,-0.07332249365788798,0.7821345129423295,-0.48552387894522925,0.19040842464778712,-0.27855245287422165,0.3201701193664137,Keripik U. Sasna
frozenset({'keripik bayam'}),frozenset({'keripik pisang'}),0.46106696935300795,0.488422247446084,0.1518728717366629,0.3293943870014771,0.6744049615345139,1.0,-0.07332249365788798,0.7628593358568306,-0.4725246038843125,0.19040842464778712,-0.3108576548739708,0.3201701193664137,Keripik U. Sasna
frozenset({'keripik bayam'}),frozenset({'keripik singkong'}),0.46106696935300795,0.423155505107832,0.12519863791146424,0.2715411127523387,0.6417052584088262,1.0,-0.06990438839364513,0.7918696648367646,-0.5088467796769125,0.1649469119186481,-0.2628340804116284,0.2837051057323925,Keripik U. Sasna
frozenset({'keripik singkong'}),frozenset({'keripik bayam'}),0.423155505107832,0.46106696935300795,0.12519863791146424,0.2958690987124463,0.6417052584088262,1.0,-0.06990438839364513,0.7653875574293282,-0.49185307209981327,0.1649469119186481,-0.30652764118436143,0.2837051057323925,Keripik U. Sasna
frozenset({'keripik pisang'}),frozenset({'keripik kentang'}),0.488422247446084,0.38933030646992056,0.12429057888762769,0.2544736230536835,0.6536188393886155,1.0,-0.06586700439728356,0.819112123210702,-0.5088168654805347,0.16495932509792108,-0.22083408566859639,0.286857802780486,Keripik U. Sasna
frozenset({'keripik kentang'}),frozenset({'keripik pisang'}),0.38933030646992056,0.488422247446084,0.12429057888762769,0.3192419825072886,0.6536188393886155,1.0,-0.06586700439728356,0.7514825230235254,-0.46461288469787637,0.16495932509792108,-0.3307029363458592,0.286857802780486,Keripik U. Sasna
frozenset({'keripik kentang'}),frozenset({'keripik singkong'}),0.38933030646992056,0.423155505107832,0.10351872871736663,0.26588921282798833,0.6283487030618501,1.0,-0.06122853377069963,0.785773080810221,-0.4920156374238006,0.14601344860710855,-0.27263204151621856,0.25526220298051777,Keripik U. Sasna
frozenset({'keripik singkong'}),frozenset({'keripik kentang'}),0.423155505107832,0.38933030646992056,0.10351872871736663,0.2446351931330472,0.6283487030618501,1.0,-0.06122853377069963,0.8084434010937985,-0.5062605037719833,0.14601344860710855,-0.23694497183974983,0.25526220298051777,Keripik U. Sasna
frozenset({'keripik pisang'}),frozenset({'keripik singkong'}),0.488422247446084,0.423155505107832,0.14063564131668557,0.28793864745526376,0.6804558701933674,1.0,-0.0660429215072646,0.8101050461883156,-0.4786100907670253,0.18242049469964663,-0.2344078150175376,0.31014421643149453,Keripik U. Sasna
frozenset({'keripik singkong'}),frozenset({'keripik pisang'}),0.423155505107832,0.488422247446084,0.14063564131668557,0.3323497854077253,0.6804558701933674,1.0,-0.0660429215072646,0.7662361838171952,-0.4487592658478916,0.18242049469964663,-0.3050806280359307,0.31014421643149453,Keripik U. Sasna
frozenset({'coklat'}),frozenset({'ayam mercon'}),0.40521928234867705,0.47227256252265315,0.11380935121420804,0.2808586762075134,0.5946961532283419,1.0,-0.07756459764419218,0.7338299441538231,-0.5339847445333372,0.1490270526815377,-0.36271353869743855,0.2609205123171105,Risoles Cen
frozenset({'ayam mercon'}),frozenset({'coklat'}),0.47227256252265315,0.40521928234867705,0.11380935121420804,0.24098234842670757,0.5946961532283419,1.0,-0.07756459764419218,0.7836190850350593,-0.5635941550879525,0.1490270526815377,-0.2761302258931833,0.2609205123171105,Risoles Cen
frozenset({'ayam mercon'}),frozenset({'mayo'}),0.47227256252265315,0.4211670895251903,0.13954331279449075,0.29547198772064465,0.7015552617222536,1.0,-0.05936234782577854,0.8215896321881014,-0.44632276174870206,0.18509615384615385,-0.21715265239745857,0.31339864446273197,Risoles Cen
frozenset({'mayo'}),frozenset({'ayam mercon'}),0.4211670895251903,0.47227256252265315,0.13954331279449075,0.3313253012048193,0.7015552617222536,1.0,-0.05936234782577854,0.7892140055967529,-0.4236094705619866,0.18509615384615385,-0.267083443664769,0.31339864446273197,Risoles Cen
frozenset({'mentai'}),frozenset({'ayam mercon'}),0.41790503805726714,0.47227256252265315,0.13229430953243929,0.3165654813529922,0.6703025042616312,1.0,-0.06507077368199315,0.772169714989062,-0.4579912973849622,0.17455762792922047,-0.2950520858153123,0.2983441374531653,Risoles Cen
frozenset({'ayam mercon'}),frozenset({'mentai'}),0.47227256252265315,0.41790503805726714,0.13229430953243929,0.2801227935533384,0.6703025042616311,1.0,-0.06507077368199315,0.8086031294364402,-0.4824127063278418,0.17455762792922047,-0.2367006305020793,0.2983441374531653,Risoles Cen
frozenset({'coklat'}),frozenset({'mayo'}),0.40521928234867705,0.4211670895251903,0.11598405219282348,0.28622540250447226,0.6796005899396205,1.0,-0.05468097357345514,0.8109463582842573,-0.4421664067579109,0.16326530612244897,-0.23312718502827862,0.2808063329217714,Risoles Cen
frozenset({'mayo'}),frozenset({'coklat'}),0.4211670895251903,0.40521928234867705,0.11598405219282348,0.27538726333907054,0.6796005899396205,1.0,-0.05468097357345514,0.8208256459748661,-0.44888037650063195,0.16326530612244897,-0.21828552129646822,0.2808063329217714,Risoles Cen
frozenset({'mentai'}),frozenset({'coklat'}),0.41790503805726714,0.40521928234867705,0.11634650235592606,0.27840416305290544,0.6870456939740305,1.0,-0.052996677255536306,0.8242574128028549,-0.43899989226729474,0.1646153846153846,-0.21321323225900907,0.2827620099701021,Risoles Cen
frozenset({'coklat'}),frozenset({'mentai'}),0.40521928234867705,0.41790503805726714,0.11634650235592606,0.28711985688729874,0.6870456939740305,1.0,-0.052996677255536306,0.8165397333149002,-0.4336974938076236,0.1646153846153846,-0.22468014623159577,0.2827620099701021,Risoles Cen
frozenset({'mentai'}),frozenset({'mayo'}),0.41790503805726714,0.4211670895251903,0.09858644436389996,0.23590633130962704,0.5601252737377461,1.0,-0.07742140421259311,0.7575418226758861,-0.5743083504682459,0.13313754282917278,-0.320059130818246,0.2349927525739185,Risoles Cen
frozenset({'mayo'}),frozenset({'mentai'}),0.4211670895251903,0.41790503805726714,0.09858644436389996,0.23407917383820998,0.5601252737377461,1.0,-0.07742140421259311,0.7599936469409614,-0.5756816792058782,0.13313754282917278,-0.31580047283958823,0.2349927525739185,Risoles Cen
frozenset({'es cincau'}),frozenset({'es dawat'}),0.4323553382233089,0.4502852485737571,0.12387938060309699,0.2865221489161169,0.6363125370499103,1.0,-0.07080385034097651,0.7704720624349322,-0.5017161629960666,0.163265306122449,-0.2979055941881758,0.2808176355440313,Toko Anggi
frozenset({'es dawat'}),frozenset({'es cincau'}),0.4502852485737571,0.4323553382233089,0.12387938060309699,0.2751131221719457,0.6363125370499102,1.0,-0.07080385034097651,0.7830803386557349,-0.5097389672259516,0.163265306122449,-0.27700818247670156,0.2808176355440313,Toko Anggi
frozenset({'es cincau'}),frozenset({'es jeruk'}),0.4323553382233089,0.4286878565607172,0.1267318663406683,0.293119698397738,0.6837602090000466,1.0,-0.05861361687486591,0.8082162455854388,-0.44896661286363154,0.17258601553829078,-0.2372926249157995,0.2943735374117967,Toko Anggi
frozenset({'es jeruk'}),frozenset({'es cincau'}),0.4286878565607172,0.4323553382233089,0.1267318663406683,0.2956273764258555,0.6837602090000465,1.0,-0.05861361687486591,0.805886888244371,-0.4473738910012674,0.17258601553829078,-0.24086892911051735,0.2943735374117967,Toko Anggi
frozenset({'es cincau'}),frozenset({'es oyen'}),0.4323553382233089,0.4343928280358598,0.1169519152404238,0.2704995287464656,0.6227071703037773,1.0,-0.07086014284680005,0.7753348959353394,-0.5162954511632523,0.1559782608695652,-0.28976524240358315,0.2698651489886174,Toko Anggi
frozenset({'es oyen'}),frozenset({'es cincau'}),0.4343928280358598,0.4323553382233089,0.1169519152404238,0.2692307692307692,0.6227071703037772,1.0,-0.07086014284680005,0.7767769055891561,-0.5171934009143312,0.1559782608695652,-0.2873709205367498,0.2698651489886174,Toko Anggi
frozenset({'es jeruk'}),frozenset({'es dawat'}),0.4286878565607172,0.4502852485737571,0.12224938875305623,0.28517110266159695,0.6333121139652117,1.0,-0.07078242929893745,0.7690158490696908,-0.5033417566067592,0.16155088852988692,-0.30036331658149823,0.2783321576656401,Toko Anggi
frozenset({'es dawat'}),frozenset({'es jeruk'}),0.4502852485737571,0.4286878565607172,0.12224938875305623,0.27149321266968324,0.6333121139652117,1.0,-0.07078242929893745,0.7842235012427422,-0.5129729469529221,0.16155088852988692,-0.27514668766661715,0.2783321576656401,Toko Anggi
frozenset({'es oyen'}),frozenset({'es dawat'}),0.4343928280358598,0.4502852485737571,0.13651181744091279,0.3142589118198874,0.6979107417248902,1.0,-0.059088865109871685,0.801636012339774,-0.4335177018103848,0.1824618736383442,-0.2474489476604865,0.3087131663171835,Toko Anggi
frozenset({'es dawat'}),frozenset({'es oyen'}),0.4502852485737571,0.4343928280358598,0.13651181744091279,0.3031674208144796,0.6979107417248902,1.0,-0.059088865109871685,0.8116830195069805,-0.440529616034565,0.1824618736383442,-0.23200803265220965,0.3087131663171835,Toko Anggi
frozenset({'es oyen'}),frozenset({'es jeruk'}),0.4343928280358598,0.4286878565607172,0.11939690301548492,0.274859287054409,0.6411641544025852,1.0,-0.06682202734055603,0.7878638355837975,-0.49735877413502005,0.16054794520547944,-0.269254857038859,0.2766881986602844,Toko Anggi
frozenset({'es jeruk'}),frozenset({'es oyen'}),0.4286878565607172,0.4343928280358598,0.11939690301548492,0.2785171102661597,0.6411641544025853,1.0,-0.06682202734055603,0.7839509155550402,-0.494849950073537,0.16054794520547944,-0.27559006585507495,0.2766881986602844,Toko Anggi
frozenset({'souffle coklat'}),frozenset({'souffle choco crunch'}),0.5606986899563319,0.5703056768558952,0.2331877729257642,0.41588785046728977,0.7292367362711283,1.0,-0.08658187296199538,0.7356366812227076,-0.4580528787952157,0.25972762645914393,-0.35936668946128697,0.4123849665812712,Toko Anggun
frozenset({'souffle choco crunch'}),frozenset({'souffle coklat'}),0.5703056768558952,0.5606986899563319,0.2331877729257642,0.4088820826952527,0.7292367362711283,1.0,-0.08658187296199538,0.7431703509287961,-0.4635467075038285,0.25972762645914393,-0.3455865115585201,0.4123849665812712,Toko Anggun
frozenset({'souffle tiramisu'}),frozenset({'souffle choco crunch'}),0.5449781659388646,0.5703056768558952,0.22707423580786026,0.4166666666666667,0.7306023481368046,1.0,-0.08372990598958827,0.7366188396756084,-0.4476251060220524,0.2556538839724681,-0.3575542005420053,0.40741449719244516,Toko Anggun
frozenset({'souffle choco crunch'}),frozenset({'souffle tiramisu'}),0.5703056768558952,0.5449781659388646,0.22707423580786026,0.39816232771822363,0.7306023481368046,1.0,-0.08372990598958827,0.756054090691912,-0.4618245460511921,0.2556538839724681,-0.3226566886039039,0.40741449719244516,Toko Anggun
frozenset({'souffle coklat'}),frozenset({'souffle tiramisu'}),0.5606986899563319,0.5449781659388646,0.21572052401746725,0.3847352024922118,0.7059644340602285,1.0,-0.08984801967925857,0.7395544746006302,-0.48667955741755276,0.24239450441609423,-0.35216543790099314,0.3902842679127726,Toko Anggun
frozenset({'souffle tiramisu'}),frozenset({'souffle coklat'}),0.5449781659388646,0.5606986899563319,0.21572052401746725,0.3958333333333333,0.7059644340602285,1.0,-0.08984801967925857,0.7271194097274506,-0.4779008438818564,0.24239450441609423,-0.37528992710404246,0.3902842679127726,Toko Anggun
frozenset({'cilok'}),frozenset({'bakso goreng'}),0.4328571428571429,0.4438095238095238,0.11714285714285715,0.2706270627062706,0.6097820082437428,1.0,-0.07496326530612248,0.7625597931480282,-0.5301503911324079,0.15423197492163007,-0.31137257561372583,0.26728778028017397,Toko Ayu
frozenset({'bakso goreng'}),frozenset({'cilok'}),0.4438095238095238,0.4328571428571429,0.11714285714285715,0.26394849785407726,0.6097820082437428,1.0,-0.07496326530612248,0.7705206164098293,-0.5350047579282622,0.15423197492163007,-0.29782380731019126,0.26728778028017397,Toko Ayu
frozenset({'bakso goreng'}),frozenset({'es jeruk'}),0.4438095238095238,0.43476190476190474,0.13095238095238096,0.29506437768240346,0.6786803867831843,1.0,-0.06199909297052153,0.8018293831992463,-0.45981944649992595,0.17515923566878983,-0.24714811025017072,0.298134598479756,Toko Ayu
frozenset({'es jeruk'}),frozenset({'bakso goreng'}),0.43476190476190474,0.4438095238095238,0.13095238095238096,0.30120481927710846,0.6786803867831843,1.0,-0.06199909297052153,0.7959277504105089,-0.4558141240762135,0.17515923566878983,-0.25639544479287013,0.298134598479756,Toko Ayu
frozenset({'sosis goreng'}),frozenset({'bakso goreng'}),0.43476190476190474,0.4438095238095238,0.1280952380952381,0.2946330777656079,0.6638728147079147,1.0,-0.0648562358276644,0.7885122744750073,-0.4725045802295979,0.17068527918781726,-0.2682110759351229,0.291629843603834,Toko Ayu
frozenset({'bakso goreng'}),frozenset({'sosis goreng'}),0.4438095238095238,0.43476190476190474,0.1280952380952381,0.2886266094420601,0.6638728147079148,1.0,-0.0648562358276644,0.7945730086906558,-0.4765281369125369,0.17068527918781726,-0.25853759070907645,0.291629843603834,Toko Ayu
frozenset({'cilok'}),frozenset({'es jeruk'}),0.4328571428571429,0.43476190476190474,0.12238095238095238,0.2827282728272827,0.6503059944548671,1.0,-0.06580884353741497,0.7880390008764242,-0.48669302905900347,0.16421725239616614,-0.26897272709579295,0.2821089337849447,Toko Ayu
frozenset({'es jeruk'}),frozenset({'cilok'}),0.43476190476190474,0.4328571428571429,0.12238095238095238,0.2814895947426068,0.6503059944548671,1.0,-0.06580884353741497,0.7893314459930314,-0.487533513865837,0.16421725239616614,-0.26689492110875374,0.2821089337849447,Toko Ayu
frozenset({'cilok'}),frozenset({'sosis goreng'}),0.4328571428571429,0.43476190476190474,0.1261904761904762,0.2915291529152915,0.6705489826091043,1.0,-0.06199931972789116,0.7978283052351376,-0.4641802143177281,0.17019910083493897,-0.2534025095854151,0.2908905348366162,Toko Ayu
frozenset({'sosis goreng'}),frozenset({'cilok'}),0.43476190476190474,0.4328571428571429,0.1261904761904762,0.2902519167579409,0.6705489826091043,1.0,-0.06199931972789116,0.7990762786596122,-0.46501704162783264,0.17019910083493897,-0.2514449830464519,0.2908905348366162,Toko Ayu
frozenset({'sosis goreng'}),frozenset({'es jeruk'}),0.43476190476190474,0.43476190476190474,0.12142857142857143,0.2792990142387733,0.6424183240979452,1.0,-0.06758934240362809,0.7842893327543784,-0.4961581612440365,0.16231699554423934,-0.27503965467445324,0.2792990142387733,Toko Ayu
frozenset({'es jeruk'}),frozenset({'sosis goreng'}),0.43476190476190474,0.43476190476190474,0.12142857142857143,0.2792990142387733,0.6424183240979452,1.0,-0.06758934240362809,0.7842893327543784,-0.4961581612440365,0.16231699554423934,-0.27503965467445324,0.2792990142387733,Toko Ayu
frozenset({'cilok'}),frozenset({'es teh coklat'}),0.478125,0.3984375,0.115625,0.24183006535947713,0.6069460463924132,1.0,-0.07487792968750001,0.7934401939655172,-0.5537500451377605,0.15195071868583163,-0.26033443680502505,0.26601307189542484,Toko Dedek
frozenset({'es teh coklat'}),frozenset({'cilok'}),0.3984375,0.478125,0.115625,0.2901960784313726,0.6069460463924132,1.0,-0.07487792968750001,0.7352382596685083,-0.5184246112237999,0.15195071868583163,-0.36010332276623225,0.26601307189542484,Toko Dedek
frozenset({'cilok'}),frozenset({'es teh taro'}),0.478125,0.4171875,0.1234375,0.2581699346405229,0.6188343002619275,1.0,-0.07603027343749999,0.7856415198237885,-0.5413363927131136,0.15991902834008098,-0.2728451523594245,0.2770250422266285,Toko Dedek
frozenset({'es teh taro'}),frozenset({'cilok'}),0.4171875,0.478125,0.1234375,0.2958801498127341,0.6188343002619274,1.0,-0.07603027343749999,0.7411735372340426,-0.5138180798231284,0.15991902834008098,-0.34921168898158744,0.2770250422266285,Toko Dedek
frozenset({'cilok'}),frozenset({'es the matcha'}),0.478125,0.4203125,0.14375,0.3006535947712418,0.7153096678572296,1.0,-0.05721191406250001,0.828898948598131,-0.4326649680587867,0.19047619047619047,-0.20641967478815423,0.3213305148577399,Toko Dedek
frozenset({'es the matcha'}),frozenset({'cilok'}),0.4203125,0.478125,0.14375,0.3420074349442379,0.7153096678572296,1.0,-0.05721191406250001,0.7931320621468926,-0.40708056839106416,0.19047619047619047,-0.2608240767535562,0.3213305148577399,Toko Dedek
frozenset({'es teh taro'}),frozenset({'es teh coklat'}),0.4171875,0.3984375,0.1140625,0.27340823970037453,0.6862010721891753,1.0,-0.05216064453125001,0.8279236469072165,-0.43966333292176,0.16258351893095765,-0.20784084829028648,0.27984137475214804,Toko Dedek
frozenset({'es teh coklat'}),frozenset({'es teh taro'}),0.3984375,0.4171875,0.1140625,0.28627450980392155,0.6862010721891753,1.0,-0.05216064453125001,0.8165779532967032,-0.43187790580149593,0.16258351893095765,-0.22462282500131422,0.27984137475214804,Toko Dedek
frozenset({'es the matcha'}),frozenset({'es teh coklat'}),0.4203125,0.3984375,0.1015625,0.241635687732342,0.6064581966615643,1.0,-0.06590576171874998,0.7932368259803921,-0.5281745255331637,0.14161220043572986,-0.2606575580553276,0.24826882425832786,Toko Dedek
frozenset({'es teh coklat'}),frozenset({'es the matcha'}),0.3984375,0.4203125,0.1015625,0.2549019607843137,0.6064581966615642,1.0,-0.06590576171874998,0.7780016447368421,-0.5189350249903882,0.14161220043572986,-0.28534432640980917,0.24826882425832786,Toko Dedek
frozenset({'es the matcha'}),frozenset({'es teh taro'}),0.4203125,0.4171875,0.115625,0.27509293680297403,0.6593987998273535,1.0,-0.05972412109374997,0.8039823717948718,-0.47119440645645927,0.1601731601731602,-0.24380836580722953,0.2761232474277042,Toko Dedek
frozenset({'es teh taro'}),frozenset({'es the matcha'}),0.4171875,0.4203125,0.115625,0.27715355805243447,0.6593987998273534,1.0,-0.05972412109374997,0.8019511010362694,-0.46985498895611233,0.1601731601731602,-0.2469588216885227,0.2761232474277042,Toko Dedek
frozenset({'pentol jamur'}),frozenset({'pentol keju'}),0.3438943894389439,0.35973597359735976,0.07854785478547854,0.22840690978886755,0.6349292996883198,1.0,-0.045163328214009535,0.8297949197904865,-0.4670505438259758,0.12565997888067582,-0.20511704295862446,0.22337776682103927,Toko Mang Eka
frozenset({'pentol keju'}),frozenset({'pentol jamur'}),0.35973597359735976,0.3438943894389439,0.07854785478547854,0.218348623853211,0.6349292996883199,1.0,-0.045163328214009535,0.8393839383938393,-0.47313889269250087,0.12565997888067582,-0.19134993446920057,0.22337776682103927,Toko Mang Eka
frozenset({'pentol sosis'}),frozenset({'pentol jamur'}),0.36105610561056106,0.3438943894389439,0.07590759075907591,0.21023765996343693,0.6113436753255411,1.0,-0.048257578233070836,0.830763354113189,-0.4987437072792933,0.12067156348373559,-0.2037122184661902,0.21548351328306203,Toko Mang Eka
frozenset({'pentol jamur'}),frozenset({'pentol sosis'}),0.3438943894389439,0.36105610561056106,0.07590759075907591,0.22072936660268713,0.6113436753255411,1.0,-0.048257578233070836,0.8199255393519649,-0.4921180777706689,0.12067156348373559,-0.21962294379848035,0.21548351328306203,Toko Mang Eka
frozenset({'pentol jamur'}),frozenset({'pentol telur puyuh'}),0.3438943894389439,0.39801980198019804,0.09504950495049505,0.2763915547024952,0.6944165926604979,1.0,-0.0418272718360945,0.8319142789610526,-0.40145271160287527,0.14693877551020407,-0.2020469239317103,0.2575987624258745,Toko Mang Eka
frozenset({'pentol telur puyuh'}),frozenset({'pentol jamur'}),0.39801980198019804,0.3438943894389439,0.09504950495049505,0.23880597014925373,0.6944165926604978,1.0,-0.0418272718360945,0.8619426648547208,-0.42230492101825085,0.14693877551020407,-0.1601699750743266,0.2575987624258745,Toko Mang Eka
frozenset({'pentol mercon'}),frozenset({'pentol keju'}),0.3405940594059406,0.35973597359735976,0.07854785478547854,0.23062015503875966,0.6410817153829741,1.0,-0.04397608077639449,0.8321819587500311,-0.45917949557812004,0.1263269639065817,-0.2016602733157517,0.2244843894459853,Toko Mang Eka
frozenset({'pentol keju'}),frozenset({'pentol mercon'}),0.35973597359735976,0.3405940594059406,0.07854785478547854,0.218348623853211,0.6410817153829741,1.0,-0.04397608077639449,0.8436061916050759,-0.46650336237376666,0.1263269639065817,-0.18538722208446987,0.2244843894459853,Toko Mang Eka
frozenset({'pentol sosis'}),frozenset({'pentol keju'}),0.36105610561056106,0.35973597359735976,0.07920792079207921,0.21937842778793418,0.6098317763279271,1.0,-0.050676948883007125,0.8201977106375742,-0.5003333691794818,0.12345679012345678,-0.21921822876420594,0.21978095701323314,Toko Mang Eka
frozenset({'pentol keju'}),frozenset({'pentol sosis'}),0.35973597359735976,0.36105610561056106,0.07920792079207921,0.2201834862385321,0.6098317763279271,1.0,-0.050676948883007125,0.8193515822170453,-0.499817373181789,0.12345679012345678,-0.22047729168246266,0.21978095701323314,Toko Mang Eka
frozenset({'pentol keju'}),frozenset({'pentol telur puyuh'}),0.35973597359735976,0.39801980198019804,0.08250825082508251,0.2293577981651376,0.5762472043452462,1.0,-0.06067379015129237,0.781140971239981,-0.5345668112548464,0.12218963831867057,-0.28017865765330763,0.21832732362651575,Toko Mang Eka
frozenset({'pentol telur puyuh'}),frozenset({'pentol keju'}),0.39801980198019804,0.35973597359735976,0.08250825082508251,0.20729684908789386,0.5762472043452462,1.0,-0.06067379015129237,0.8076970877004018,-0.5498696991234305,0.12218963831867057,-0.23808791096066065,0.21832732362651575,Toko Mang Eka
frozenset({'pentol sosis'}),frozenset({'pentol mercon'}),0.36105610561056106,0.3405940594059406,0.08184818481848184,0.22669104204753196,0.6655754432209513,1.0,-0.04112537986471916,0.852706972824942,-0.44021191657650277,0.13205537806176784,-0.17273580710509423,0.23350055978345588,Toko Mang Eka
frozenset({'pentol mercon'}),frozenset({'pentol sosis'}),0.3405940594059406,0.36105610561056106,0.08184818481848184,0.2403100775193798,0.6655754432209513,1.0,-0.04112537986471916,0.8410587997575268,-0.43245917862444344,0.13205537806176784,-0.18897751297328472,0.23350055978345588,Toko Mang Eka
frozenset({'pentol mercon'}),frozenset({'pentol telur puyuh'}),0.3405940594059406,0.39801980198019804,0.08184818481848184,0.2403100775193798,0.6037641251108795,1.0,-0.053714995261902446,0.7924025055566781,-0.49881050638442503,0.12462311557788945,-0.26198490412076714,0.22297427590728525,Toko Mang Eka
frozenset({'pentol telur puyuh'}),frozenset({'pentol mercon'}),0.39801980198019804,0.3405940594059406,0.08184818481848184,0.2056384742951907,0.6037641251108796,1.0,-0.053714995261902446,0.8301081047561957,-0.5215757944969033,0.12462311557788945,-0.20466237381660277,0.22297427590728525,Toko Mang Eka
frozenset({'pentol sosis'}),frozenset({'pentol telur puyuh'}),0.36105610561056106,0.39801980198019804,0.08646864686468647,0.23948811700182815,0.6016990004274787,1.0,-0.057238832794170524,0.7915460776846915,-0.508846404114895,0.1285574092247301,-0.2633503319542,0.22836760742297046,Toko Mang Eka
frozenset({'pentol telur puyuh'}),frozenset({'pentol sosis'}),0.39801980198019804,0.36105610561056106,0.08646864686468647,0.21724709784411275,0.6016990004274786,1.0,-0.057238832794170524,0.8162778989763384,-0.5237275162648298,0.1285574092247301,-0.22507298219645575,0.22836760742297046,Toko Mang Eka
frozenset({'crepes crispy'}),frozenset({'es jeruk'}),0.4109042553191489,0.41976950354609927,0.10904255319148937,0.26537216828478966,0.6321854399688337,1.0,-0.0634425220688094,0.7898291779923141,-0.496890710912289,0.15110565110565113,-0.26609655336097365,0.2625699278593959,Toko Widya
frozenset({'es jeruk'}),frozenset({'crepes crispy'}),0.41976950354609927,0.4109042553191489,0.10904255319148937,0.25976768743400214,0.6321854399688337,1.0,-0.0634425220688094,0.7958254924575835,-0.5006814936107066,0.15110565110565113,-0.2565568827305426,0.2625699278593959,Toko Widya
frozenset({'crepes crispy'}),frozenset({'es pisang'}),0.4109042553191489,0.44370567375886527,0.11724290780141844,0.2853290183387271,0.6430592061660023,1.0,-0.06507764165534932,0.7783922119630671,-0.4851293070303213,0.15900210399759543,-0.2846993901416986,0.2747823912872457,Toko Widya
frozenset({'es pisang'}),frozenset({'crepes crispy'}),0.44370567375886527,0.4109042553191489,0.11724290780141844,0.2642357642357642,0.6430592061660023,1.0,-0.06507764165534932,0.8006583033612111,-0.49944772208923144,0.15900210399759543,-0.24897224671491033,0.2747823912872457,Toko Widya
frozenset({'crepes crispy'}),frozenset({'mie jebew'}),0.4109042553191489,0.42641843971631205,0.12101063829787234,0.29449838187702265,0.6906323799527683,1.0,-0.054206513128112255,0.8130123950810072,-0.431947243084814,0.16893564356435642,-0.22999354751579354,0.2891410828304032,Toko Widya
frozenset({'mie jebew'}),frozenset({'crepes crispy'}),0.42641843971631205,0.4109042553191489,0.12101063829787234,0.28378378378378377,0.6906323799527683,1.0,-0.054206513128112255,0.8225110397430752,-0.43850731465410353,0.16893564356435642,-0.21578915258373496,0.2891410828304032,Toko Widya
frozenset({'es jeruk'}),frozenset({'es pisang'}),0.41976950354609927,0.44370567375886527,0.11812943262411348,0.28141499472016895,0.6342379900986025,1.0,-0.06812467777023289,0.7741524275537908,-0.49847211968863014,0.1584894439488552,-0.29173527642334574,0.27382438047696755,Toko Widya
frozenset({'es pisang'}),frozenset({'es jeruk'}),0.44370567375886527,0.41976950354609927,0.11812943262411348,0.2662337662337662,0.6342379900986026,1.0,-0.06812467777023289,0.7907566057867318,-0.5090031203183297,0.1584894439488552,-0.2646116297758773,0.27382438047696755,Toko Widya
frozenset({'mie jebew'}),frozenset({'es jeruk'}),0.42641843971631205,0.41976950354609927,0.11945921985815602,0.2801455301455301,0.6673794255631637,1.0,-0.05953823688446255,0.8060386102363212,-0.4649323748954747,0.16437938395852394,-0.2406353582824171,0.2823642117464715,Toko Widya
frozenset({'es jeruk'}),frozenset({'mie jebew'}),0.41976950354609927,0.42641843971631205,0.11945921985815602,0.2845828933474129,0.6673794255631637,1.0,-0.05953823688446255,0.8017442621234723,-0.46206641531875325,0.16437938395852394,-0.24728051978998183,0.2823642117464715,Toko Widya
frozenset({'mie jebew'}),frozenset({'es pisang'}),0.42641843971631205,0.44370567375886527,0.11591312056737589,0.27182952182952186,0.6126347664809204,1.0,-0.07329116053015443,0.7639616585923935,-0.5243442849933723,0.1536879224213929,-0.308966214145497,0.26653414153414157,Toko Widya
frozenset({'es pisang'}),frozenset({'mie jebew'}),0.44370567375886527,0.42641843971631205,0.11591312056737589,0.2612387612387612,0.6126347664809203,1.0,-0.07329116053015443,0.776409928118961,-0.5319705276878726,0.1536879224213929,-0.28797940853582277,0.26653414153414157,Toko Widya
frozenset({'dimsum goreng keju'}),frozenset({'lumpia ayam pedas'}),0.3342347214710654,0.3641157382368848,0.07422931314223905,0.2220873786407767,0.6099362244438116,1.0,-0.047470809210597514,0.8174237623912743,-0.48994484495000723,0.11893414211438474,-0.22335567671120893,0.21297462136643364,Toko Zahra
frozenset({'lumpia ayam pedas'}),frozenset({'dimsum goreng keju'}),0.3641157382368848,0.3342347214710654,0.07422931314223905,0.2038618640920906,0.6099362244438116,1.0,-0.047470809210597514,0.8362434212119499,-0.5014236365964108,0.11893414211438474,-0.19582405629059665,0.21297462136643364,Toko Zahra
frozenset({'dimsum goreng keju'}),frozenset({'pangdas goreng'}),0.3342347214710654,0.36790156841535965,0.07842076798269335,0.23462783171521037,0.6377462121887894,1.0,-0.04454471026538251,0.8258706780535047,-0.460388863444327,0.12573162800780405,-0.21084332762231103,0.2238923796576787,Toko Zahra
frozenset({'pangdas goreng'}),frozenset({'dimsum goreng keju'}),0.36790156841535965,0.3342347214710654,0.07842076798269335,0.213156927600147,0.6377462121887894,1.0,-0.04454471026538251,0.846122056458305,-0.47330410331359024,0.12573162800780405,-0.1818625839702097,0.2238923796576787,Toko Zahra
frozenset({'dimsum goreng keju'}),frozenset({'pangdas kuah merah'}),0.3342347214710654,0.3631692806922661,0.06895619253650621,0.20631067961165048,0.5680840604645446,1.0,-0.05242759084252052,0.8023677564366555,-0.5331462378640777,0.10972461273666091,-0.24631129800259732,0.1980920486665847,Toko Zahra
frozenset({'lumpia ayam pedas'}),frozenset({'pangdas goreng'}),0.3641157382368848,0.36790156841535965,0.08612763656030287,0.23653917564054958,0.6429414711640958,1.0,-0.04783111462176359,0.8279382666621772,-0.46619782003958504,0.13334728909357338,-0.20781952020588138,0.23532214202828655,Toko Zahra
frozenset({'pangdas goreng'}),frozenset({'lumpia ayam pedas'}),0.36790156841535965,0.3641157382368848,0.08612763656030287,0.23410510841602353,0.6429414711640958,1.0,-0.04783111462176359,0.83025003659186,-0.46768415279916825,0.13334728909357338,-0.20445643592496068,0.23532214202828655,Toko Zahra
frozenset({'pangdas kuah merah'}),frozenset({'lumpia ayam pedas'}),0.3631692806922661,0.3641157382368848,0.08166576527852894,0.22486969471332835,0.6175775202747035,1.0,-0.05056988546569398,0.8203578900555848,-0.4929936514601357,0.12649214659685865,-0.21898016965771286,0.2245774392616029,Toko Zahra
frozenset({'lumpia ayam pedas'}),frozenset({'pangdas kuah merah'}),0.3641157382368848,0.3631692806922661,0.08166576527852894,0.22428518380987747,0.6175775202747035,1.0,-0.05056988546569398,0.8209598502133687,-0.49336540852168415,0.12649214659685865,-0.21808636529557252,0.2245774392616029,Toko Zahra
frozenset({'pangsit basah chili oil'}),frozenset({'lumpia ayam pedas'}),0.3409951325040562,0.3641157382368848,0.0746349378042185,0.2188739095955591,0.6011108189263851,1.0,-0.049526756602680286,0.8140609686124753,-0.5017321647039911,0.11837872614196869,-0.22840922063177652,0.21192488647249175,Toko Zahra
frozenset({'lumpia ayam pedas'}),frozenset({'pangsit basah chili oil'}),0.3641157382368848,0.3409951325040562,0.0746349378042185,0.20497586334942441,0.6011108189263851,1.0,-0.049526756602680286,0.8289117740152155,-0.5106591445013485,0.11837872614196869,-0.206401008343795,0.21192488647249175,Toko Zahra
frozenset({'pangdas kuah merah'}),frozenset({'pangdas goreng'}),0.3631692806922661,0.36790156841535965,0.08098972417522986,0.22300819061801935,0.6061626526317057,1.0,-0.05262082379173284,0.8135200705492783,-0.5050100952823416,0.12458402662229617,-0.22922597266077624,0.22157392257839592,Toko Zahra
frozenset({'pangdas goreng'}),frozenset({'pangdas kuah merah'}),0.36790156841535965,0.3631692806922661,0.08098972417522986,0.22013965453877252,0.6061626526317057,1.0,-0.05262082379173284,0.8165958469539791,-0.5068745160667172,0.12458402662229617,-0.22459599045249232,0.22157392257839592,Toko Zahra
frozenset({'pangsit basah chili oil'}),frozenset({'pangdas goreng'}),0.3409951325040562,0.36790156841535965,0.07733910221741482,0.2268041237113402,0.6164804479856936,1.0,-0.04811354185283086,0.8175139715161348,-0.48560107074496406,0.12245771783344038,-0.22322068471249795,0.21851047787919087,Toko Zahra
frozenset({'pangdas goreng'}),frozenset({'pangsit basah chili oil'}),0.36790156841535965,0.3409951325040562,0.07733910221741482,0.21021683204704153,0.6164804479856936,1.0,-0.04811354185283086,0.8344123985372094,-0.49601862060516966,0.12245771783344038,-0.19844815555602802,0.21851047787919087,Toko Zahra
frozenset({'pangdas kuah merah'}),frozenset({'pangsit basah chili oil'}),0.3631692806922661,0.3409951325040562,0.08193618171984857,0.22561429635145194,0.6616349467943452,1.0,-0.0419027752712135,0.8510034010067812,-0.44538448026339306,0.1316818774445893,-0.17508343540924523,0.23294989202981004,Toko Zahra
frozenset({'pangsit basah chili oil'}),frozenset({'pangdas kuah merah'}),0.3409951325040562,0.3631692806922661,0.08193618171984857,0.24028548770816813,0.6616349467943452,1.0,-0.0419027752712135,0.8382500386712447,-0.43694641005307133,0.1316818774445893,-0.19296147195549657,0.23294989202981004,Toko Zahra
